,Name,Faction,Comittee,Comission
0,Х.М.Абакаров,ЕДИНАЯ РОССИЯ,Комитет Государственной Думы по молодежной политике,
1,М.Ю.Авдеев,КПРФ,Комитет Государственной Думы по строительству и жилищно-коммунальному хозяйству,['Комиссия Государственной Думы Федерального Собрания Российской Федерации по обеспечению жилищных прав граждан ']
2,С.В.Авксентьева,НОВЫЕ ЛЮДИ,Комитет Государственной Думы по региональной политике и местному самоуправлению,['Комиссия Государственной Думы Федерального Собрания Российской Федерации по вопросам депутатской этики ']
3,Б.В.Агаев,ЕДИНАЯ РОССИЯ,"Комитет Государственной Думы по экологии, природным ресурсам и охране окружающей среды",
4,Р.А.Азимов,ЕДИНАЯ РОССИЯ,Комитет Государственной Думы по безопасности и противодействию коррупции,
5,Э.Р.Аиткулова,ЕДИНАЯ РОССИЯ,,
6,А.Г.Аксаков,СПРАВЕДЛИВАЯ РОССИЯ – ЗА ПРАВДУ,Комитет Государственной Думы по финансовому рынку,
7,А.С.Аксёненко,СПРАВЕДЛИВАЯ РОССИЯ – ЗА ПРАВДУ,Комитет Государственной Думы по строительству и жилищно-коммунальному хозяйству,['Комиссия Государственной Думы Федерального Собрания Российской Федерации по обеспечению жилищных прав граждан ']
8,Н.Н.Алексеенко,ЕДИНАЯ РОССИЯ,Комитет Государственной Думы по строительству и жилищно-коммунальному хозяйству,
9,А.А.Алехин,КПРФ,"Комитет Государственной Думы по труду, социальной политике и делам ветеранов",
10,О.Н.Алимова,КПРФ,,['Комиссия Государственной Думы Федерального Собрания Российской Федерации по Регламенту и обеспечению деятельности Государственной Думы ']
11,С.В.Алтухов,ЕДИНАЯ РОССИЯ,Комитет Государственной Думы по экономической политике,
12,А.Г.Альшевских,ЕДИНАЯ РОССИЯ,Комитет Государственной Думы по безопасности и противодействию коррупции,"['Комиссия Государственной Думы Федерального Собрания Российской Федерации по расследованию фактов вмешательства иностранных государств во внутренние дела России ', 'Комиссия Государственной Думы Федерального Собрания Российской Федерации по рассмотрению расходов федерального бюджета, направленных на обеспечение национальной обороны, национальной безопасности и правоохранительной деятельности ']"
13,П.Р.Аммосов,КПРФ,Комитет Государственной Думы по транспорту и развитию транспортной инфраструктуры,
14,И.А.Ананских,СПРАВЕДЛИВАЯ РОССИЯ – ЗА ПРАВДУ,Комитет Государственной Думы по энергетике,
15,А.А.Аникеев,ЕДИНАЯ РОССИЯ,Комитет Государственной Думы по аграрным вопросам,
16,Г.В.Аникеев,ЕДИНАЯ РОССИЯ,"Комитет Государственной Думы по вопросам собственности, земельным и имущественным отношениям",
17,И.А.Антропенко,ЕДИНАЯ РОССИЯ,Комитет Государственной Думы по промышленности и торговле,
18,О.Н.Ануфриева,ЕДИНАЯ РОССИЯ,"Комиссия Государственной Думы Федерального Собрания Российской Федерации по вопросам контроля за достоверностью сведений о доходах, об имуществе и обязательствах имущественного характера, представляемых депутатами Государственной Думы и мандатным вопросам","['Комиссия Государственной Думы Федерального Собрания Российской Федерации по рассмотрению расходов федерального бюджета, направленных на обеспечение национальной обороны, национальной безопасности и правоохранительной деятельности ']"
19,Г.К.Арапов,НОВЫЕ ЛЮДИ,"Комитет Государственной Думы по экологии, природным ресурсам и охране окружающей среды",
20,Н.В.Арефьев,КПРФ,Комитет Государственной Думы по экономической политике,['Комиссия Государственной Думы Федерального Собрания Российской Федерации по вопросам депутатской этики ']
21,В.Н.Артамонова,ЕДИНАЯ РОССИЯ,Комитет Государственной Думы по бюджету и налогам,
22,О.И.Аршба,ЕДИНАЯ РОССИЯ,"Комиссия Государственной Думы Федерального Собрания Российской Федерации по вопросам контроля за достоверностью сведений о доходах, об имуществе и обязательствах имущественного характера, представляемых депутатами Государственной Думы и мандатным вопросам",
23,А.И.Аршинова,ЕДИНАЯ РОССИЯ,,
24,Ю.В.Афонин,КПРФ,"Комиссия Государственной Думы Федерального Собрания Российской Федерации по вопросам контроля за достоверностью сведений о доходах, об имуществе и обязательствах имущественного характера, представляемых депутатами Государственной Думы и мандатным вопросам","['Комиссия Государственной Думы Федерального Собрания Российской Федерации по рассмотрению расходов федерального бюджета, направленных на обеспечение национальной обороны, национальной безопасности и правоохранительной деятельности ']"
25,Р.З.Аюпов,ЕДИНАЯ РОССИЯ,Комитет Государственной Думы по транспорту и развитию транспортной инфраструктуры,
26,А.М.Бабаков,СПРАВЕДЛИВАЯ РОССИЯ – ЗА ПРАВДУ,,
27,Л.И.Бабашов,ЕДИНАЯ РОССИЯ,Комитет Государственной Думы по транспорту и развитию транспортной инфраструктуры,
28,И.Н.Бабич,КПРФ,Комитет Государственной Думы по финансовому рынку,
29,Т.Т.Баженов,ЕДИНАЯ РОССИЯ,"Комитет Государственной Думы по экологии, природным ресурсам и охране окружающей среды",
30,З.З.Байгускаров,ЕДИНАЯ РОССИЯ,"Комитет Государственной Думы по экологии, природным ресурсам и охране окружающей среды",
31,Б.А.Барахоев,ЕДИНАЯ РОССИЯ,Комитет Государственной Думы по безопасности и противодействию коррупции,
32,А.А.Басанский,ЕДИНАЯ РОССИЯ,Комитет Государственной Думы по развитию Дальнего Востока и Арктики,
33,Р.А.Баталова,ЕДИНАЯ РОССИЯ,Комитет Государственной Думы по физической культуре и спорту,
34,К.М.Бахарев,ЕДИНАЯ РОССИЯ,Комитет Государственной Думы по финансовому рынку,
35,В.В.Бахметьев,ЕДИНАЯ РОССИЯ,Комитет Государственной Думы по строительству и жилищно-коммунальному хозяйству,
36,Б.Н.Башанкаев,ЕДИНАЯ РОССИЯ,Комитет Государственной Думы по охране здоровья,
37,Д.А.Белик,ЕДИНАЯ РОССИЯ,,
38,В.В.Белоусов,СПРАВЕДЛИВАЯ РОССИЯ – ЗА ПРАВДУ,Комитет Государственной Думы по защите конкуренции,
39,И.В.Белых,ЕДИНАЯ РОССИЯ,Комитет Государственной Думы по государственному строительству и законодательству,
40,М.Н.Берулава,КПРФ,,
41,С.В.Бессараб,ЕДИНАЯ РОССИЯ,"Комитет Государственной Думы по труду, социальной политике и делам ветеранов",
42,Д.В.Бессарабов,ЕДИНАЯ РОССИЯ,Комитет Государственной Думы по государственному строительству и законодательству,
43,Е.И.Бессонов,КПРФ,Комитет Государственной Думы по бюджету и налогам,
44,С.Ю.Бидонько,ЕДИНАЯ РОССИЯ,Комитет Государственной Думы по строительству и жилищно-коммунальному хозяйству,['Комиссия Государственной Думы Федерального Собрания Российской Федерации по обеспечению жилищных прав граждан ']
45,А.Ж.Бифов,КПРФ,"Комитет Государственной Думы по вопросам собственности, земельным и имущественным отношениям",
46,А.А.Бичаев,ЕДИНАЯ РОССИЯ,"Комитет Государственной Думы по развитию гражданского общества, вопросам общественных и религиозных объединений",
47,В.Н.Блоцкий,КПРФ,Комитет Государственной Думы по аграрным вопросам,
48,И.Б.Богуславский,ЕДИНАЯ РОССИЯ,Комитет Государственной Думы по контролю,
49,Е.В.Бондаренко,ЕДИНАЯ РОССИЯ,Комитет Государственной Думы по строительству и жилищно-коммунальному хозяйству,['Комиссия Государственной Думы Федерального Собрания Российской Федерации по обеспечению жилищных прав граждан ']
50,А.А.Борисов,ЕДИНАЯ РОССИЯ,,"['Комиссия Государственной Думы Федерального Собрания Российской Федерации по Регламенту и обеспечению деятельности Государственной Думы ', 'Комиссия Государственной Думы Федерального Собрания Российской Федерации по вопросам депутатской этики ']"
51,А.Ю.Бородай,ЕДИНАЯ РОССИЯ,"Комитет Государственной Думы по делам Содружества Независимых Государств, евразийской интеграции и связям с соотечественниками",
52,Н.И.Борцов,ЕДИНАЯ РОССИЯ,Комитет Государственной Думы по делам национальностей,
53,С.М.Боярский,ЕДИНАЯ РОССИЯ,"Комитет Государственной Думы по информационной политике, информационным технологиям и связи",
54,Н.Г.Брыкин,ЕДИНАЯ РОССИЯ,Комитет Государственной Думы по государственному строительству и законодательству,
55,Н.Р.Будуев,ЕДИНАЯ РОССИЯ,"Комитет Государственной Думы по экологии, природным ресурсам и охране окружающей среды",
56,В.Е.Булавинов,ЕДИНАЯ РОССИЯ,Комитет Государственной Думы по строительству и жилищно-коммунальному хозяйству,['Комиссия Государственной Думы Федерального Собрания Российской Федерации по обеспечению жилищных прав граждан ']
57,Л.Н.Буранова,ЕДИНАЯ РОССИЯ,Комитет Государственной Думы по туризму и развитию туристической инфраструктуры,
58,С.В.Бурлаков,ЕДИНАЯ РОССИЯ,Комитет Государственной Думы по физической культуре и спорту,['Комиссия Государственной Думы Федерального Собрания Российской Федерации по вопросам депутатской этики ']
59,Н.П.Бурляев,СПРАВЕДЛИВАЯ РОССИЯ – ЗА ПРАВДУ,"Комитет Государственной Думы по развитию гражданского общества, вопросам общественных и религиозных объединений",['Комиссия Государственной Думы Федерального Собрания Российской Федерации по вопросам депутатской этики ']
60,В.В.Бурматов,ЕДИНАЯ РОССИЯ,"Комитет Государственной Думы по экологии, природным ресурсам и охране окружающей среды",
61,М.В.Бутина,ЕДИНАЯ РОССИЯ,,['Комиссия Государственной Думы Федерального Собрания Российской Федерации по расследованию фактов вмешательства иностранных государств во внутренние дела России ']
62,Т.В.Буцкая,ЕДИНАЯ РОССИЯ,"Комитет Государственной Думы по вопросам семьи, женщин и детей",
63,Э.А.Валеев,ЕДИНАЯ РОССИЯ,"Комиссия Государственной Думы Федерального Собрания Российской Федерации по вопросам контроля за достоверностью сведений о доходах, об имуществе и обязательствах имущественного характера, представляемых депутатами Государственной Думы и мандатным вопросам","['Комиссия Государственной Думы Федерального Собрания Российской Федерации по рассмотрению расходов федерального бюджета, направленных на обеспечение национальной обороны, национальной безопасности и правоохранительной деятельности ']"
64,О.Д.Валенчук,ЕДИНАЯ РОССИЯ,"Комитет Государственной Думы по экологии, природным ресурсам и охране окружающей среды",
65,Н.С.Валуев,ЕДИНАЯ РОССИЯ,Комитет Государственной Думы по туризму и развитию туристической инфраструктуры,
66,В.А.Васильев,ЕДИНАЯ РОССИЯ,Комитет Государственной Думы по безопасности и противодействию коррупции,
67,Н.И.Васильев,КПРФ,Комитет Государственной Думы по аграрным вопросам,
68,М.В.Василькова,ЕДИНАЯ РОССИЯ,Комитет Государственной Думы по промышленности и торговле,
69,А.А.Вассерман,СПРАВЕДЛИВАЯ РОССИЯ – ЗА ПРАВДУ,,
70,А.Б.Веллер,ЕДИНАЯ РОССИЯ,Комитет Государственной Думы по развитию Дальнего Востока и Арктики,
71,С.А.Веремеенко,ЕДИНАЯ РОССИЯ,Комитет Государственной Думы по транспорту и развитию транспортной инфраструктуры,
72,В.М.Власов,ЛДПР,,['Комиссия Государственной Думы Федерального Собрания Российской Федерации по Регламенту и обеспечению деятельности Государственной Думы ']
73,В.В.Власова,ЕДИНАЯ РОССИЯ,Комитет Государственной Думы по охране здоровья,
74,В.П.Водолацкий,ЕДИНАЯ РОССИЯ,"Комитет Государственной Думы по делам Содружества Независимых Государств, евразийской интеграции и связям с соотечественниками",
75,Р.М.Водянов,ЕДИНАЯ РОССИЯ,Комитет Государственной Думы по безопасности и противодействию коррупции,
76,В.В.Володин,ЕДИНАЯ РОССИЯ,,
77,А.А.Волоцков,ЕДИНАЯ РОССИЯ,Комитет Государственной Думы по туризму и развитию туристической инфраструктуры,
78,И.С.Вольфсон,ЕДИНАЯ РОССИЯ,Комитет Государственной Думы по строительству и жилищно-коммунальному хозяйству,
79,А.В.Воробьев,ЕДИНАЯ РОССИЯ,Комитет Государственной Думы по промышленности и торговле,
80,А.В.Вороновский,ЕДИНАЯ РОССИЯ,Комитет Государственной Думы по транспорту и развитию транспортной инфраструктуры,
81,Е.А.Вторыгина,ЕДИНАЯ РОССИЯ,"Комитет Государственной Думы по вопросам семьи, женщин и детей",
82,А.Б.Выборный,ЕДИНАЯ РОССИЯ,"Комиссия Государственной Думы Федерального Собрания Российской Федерации по вопросам контроля за достоверностью сведений о доходах, об имуществе и обязательствах имущественного характера, представляемых депутатами Государственной Думы и мандатным вопросам",
83,Д.Ф.Вяткин,ЕДИНАЯ РОССИЯ,"Комиссия Государственной Думы Федерального Собрания Российской Федерации по вопросам контроля за достоверностью сведений о доходах, об имуществе и обязательствах имущественного характера, представляемых депутатами Государственной Думы и мандатным вопросам",
84,С.А.Гаврилов,КПРФ,"Комитет Государственной Думы по вопросам собственности, земельным и имущественным отношениям",
85,А.К.Гаджиев,ЕДИНАЯ РОССИЯ,Комитет Государственной Думы по безопасности и противодействию коррупции,
86,М.С.Гаджиев,ЕДИНАЯ РОССИЯ,Комитет Государственной Думы по туризму и развитию туристической инфраструктуры,
87,Р.Г.Гаджиев,ЕДИНАЯ РОССИЯ,Комитет Государственной Думы по безопасности и противодействию коррупции,
88,О.В.Гарин,ЕДИНАЯ РОССИЯ,Комитет Государственной Думы по транспорту и развитию транспортной инфраструктуры,
89,В.К.Гартунг,СПРАВЕДЛИВАЯ РОССИЯ – ЗА ПРАВДУ,Комитет Государственной Думы по защите конкуренции,
90,Д.Н.Гасанов,ЕДИНАЯ РОССИЯ,Комитет Государственной Думы по энергетике,
91,З.Д.Геккиев,ЕДИНАЯ РОССИЯ,Комитет Государственной Думы по энергетике,
92,О.М.Германова,ЕДИНАЯ РОССИЯ,Комитет Государственной Думы по культуре,
93,А.А.Гетта,ЕДИНАЯ РОССИЯ,Комитет Государственной Думы по защите конкуренции,
94,Д.З.Гильмутдинов,ЕДИНАЯ РОССИЯ,Комитет Государственной Думы по безопасности и противодействию коррупции,
95,И.И.Гильмутдинов,ЕДИНАЯ РОССИЯ,Комитет Государственной Думы по делам национальностей,
96,А.П.Гимбатов,ЕДИНАЯ РОССИЯ,"Комитет Государственной Думы по вопросам собственности, земельным и имущественным отношениям",
97,Б.М.Гладких,ЕДИНАЯ РОССИЯ,Комитет Государственной Думы по энергетике,['Комиссия Государственной Думы Федерального Собрания Российской Федерации по обеспечению жилищных прав граждан ']
98,А.Е.Глазкова,КПРФ,Комитет Государственной Думы по государственному строительству и законодательству,
99,А.Б.Говырин,ЕДИНАЯ РОССИЯ,Комитет Государственной Думы по малому и среднему предпринимательству,
100,О.А.Голиков,ЕДИНАЯ РОССИЯ,Комитет Государственной Думы по малому и среднему предпринимательству,
101,Н.А.Гончаров,ЕДИНАЯ РОССИЯ,Комитет Государственной Думы по аграрным вопросам,
102,А.В.Гордеев,ЕДИНАЯ РОССИЯ,,
103,А.В.Горелкин,ЕДИНАЯ РОССИЯ,"Комитет Государственной Думы по информационной политике, информационным технологиям и связи",
104,А.Ю.Горохов,ЕДИНАЯ РОССИЯ,Комитет Государственной Думы по охране здоровья,
105,К.А.Горячева,НОВЫЕ ЛЮДИ,,
106,А.Н.Грешневиков,СПРАВЕДЛИВАЯ РОССИЯ – ЗА ПРАВДУ,"Комитет Государственной Думы по экологии, природным ресурсам и охране окружающей среды",
107,Ю.И.Григорьев,СПРАВЕДЛИВАЯ РОССИЯ – ЗА ПРАВДУ,"Комитет Государственной Думы по экологии, природным ресурсам и охране окружающей среды",
108,М.А.Гулин,НОВЫЕ ЛЮДИ,,
109,А.В.Гурулёв,ЕДИНАЯ РОССИЯ,,"['Комиссия Государственной Думы Федерального Собрания Российской Федерации по рассмотрению расходов федерального бюджета, направленных на обеспечение национальной обороны, национальной безопасности и правоохранительной деятельности ']"
110,Д.Г.Гусев,СПРАВЕДЛИВАЯ РОССИЯ – ЗА ПРАВДУ,Комитет Государственной Думы по контролю,
111,В.В.Гутенев,ЕДИНАЯ РОССИЯ,Комитет Государственной Думы по промышленности и торговле,
112,В.А.Даванков,НОВЫЕ ЛЮДИ,,
113,В.А.Дамдинцурунов,ЕДИНАЯ РОССИЯ,Комитет Государственной Думы по молодежной политике,
114,Г.И.Данчикова,ЕДИНАЯ РОССИЯ,Комитет Государственной Думы по бюджету и налогам,['Комиссия Государственной Думы Федерального Собрания Российской Федерации по обеспечению жилищных прав граждан ']
115,А.С.Делимханов,ЕДИНАЯ РОССИЯ,Комитет Государственной Думы по безопасности и противодействию коррупции,
116,М.Г.Делягин,СПРАВЕДЛИВАЯ РОССИЯ – ЗА ПРАВДУ,Комитет Государственной Думы по экономической политике,['Комиссия Государственной Думы Федерального Собрания Российской Федерации по расследованию фактов вмешательства иностранных государств во внутренние дела России ']
117,А.В.Демин,НОВЫЕ ЛЮДИ,Комитет Государственной Думы по малому и среднему предпринимательству,
118,И.И.Демченко,ЕДИНАЯ РОССИЯ,,['Комиссия Государственной Думы Федерального Собрания Российской Федерации по Регламенту и обеспечению деятельности Государственной Думы ']
119,В.Е.Дерябкин,ЕДИНАЯ РОССИЯ,Комитет Государственной Думы по транспорту и развитию транспортной инфраструктуры,
120,В.В.Дзюба,ЕДИНАЯ РОССИЯ,Комитет Государственной Думы по промышленности и торговле,
121,А.Н.Диденко,ЛДПР,Комитет Государственной Думы по региональной политике и местному самоуправлению,
122,О.Д.Димов,ЕДИНАЯ РОССИЯ,Комитет Государственной Думы по финансовому рынку,
123,О.Г.Дмитриева,"Депутаты, не входящие во фракции",Комитет Государственной Думы по бюджету и налогам,['Комиссия Государственной Думы Федерального Собрания Российской Федерации по обеспечению жилищных прав граждан ']
124,А.Ш.Догаев,ЕДИНАЯ РОССИЯ,Комитет Государственной Думы по делам национальностей,
125,Н.А.Долуда,ЕДИНАЯ РОССИЯ,Комитет Государственной Думы по делам национальностей,
126,А.Н.Дорошенко,ЕДИНАЯ РОССИЯ,"Комитет Государственной Думы по вопросам собственности, земельным и имущественным отношениям",
127,Е.Г.Драпеко,СПРАВЕДЛИВАЯ РОССИЯ – ЗА ПРАВДУ,Комитет Государственной Думы по культуре,"['Комиссия Государственной Думы Федерального Собрания Российской Федерации по обеспечению жилищных прав граждан ', 'Комиссия Государственной Думы Федерального Собрания Российской Федерации по вопросам депутатской этики ']"
128,М.В.Дробот,КПРФ,"Комитет Государственной Думы по вопросам семьи, женщин и детей",
129,Ю.Н.Дрожжина,ЕДИНАЯ РОССИЯ,Комитет Государственной Думы по охране здоровья,
130,А.С.Дроздов,ЕДИНАЯ РОССИЯ,Комитет Государственной Думы по промышленности и торговле,
131,Т.И.Дьяконова,ЕДИНАЯ РОССИЯ,,['Комиссия Государственной Думы Федерального Собрания Российской Федерации по Регламенту и обеспечению деятельности Государственной Думы ']
132,Е.А.Евтюхова,ЕДИНАЯ РОССИЯ,Комитет Государственной Думы по делам национальностей,
133,Н.Н.Езерский,КПРФ,Комитет Государственной Думы по безопасности и противодействию коррупции,
134,А.П.Езубов,ЕДИНАЯ РОССИЯ,Комитет Государственной Думы по аграрным вопросам,
135,В.Б.Ефимов,ЕДИНАЯ РОССИЯ,Комитет Государственной Думы по транспорту и развитию транспортной инфраструктуры,
136,А.Д.Жуков,ЕДИНАЯ РОССИЯ,Комитет Государственной Думы по бюджету и налогам,['Комиссия Государственной Думы Федерального Собрания Российской Федерации по вопросам депутатской этики ']
137,А.А.Журавлев,ЛДПР,,"['Комиссия Государственной Думы Федерального Собрания Российской Федерации по рассмотрению расходов федерального бюджета, направленных на обеспечение национальной обороны, национальной безопасности и правоохранительной деятельности ']"
138,С.С.Журова,ЕДИНАЯ РОССИЯ,,
139,П.Н.Завальный,ЕДИНАЯ РОССИЯ,Комитет Государственной Думы по энергетике,
140,В.М.Заварзин,ЕДИНАЯ РОССИЯ,"Комиссия Государственной Думы Федерального Собрания Российской Федерации по вопросам контроля за достоверностью сведений о доходах, об имуществе и обязательствах имущественного характера, представляемых депутатами Государственной Думы и мандатным вопросам",
141,О.Н.Занко,ЕДИНАЯ РОССИЯ,"Комитет Государственной Думы по развитию гражданского общества, вопросам общественных и религиозных объединений",
142,К.Ф.Затулин,ЕДИНАЯ РОССИЯ,"Комитет Государственной Думы по делам Содружества Независимых Государств, евразийской интеграции и связям с соотечественниками",
143,К.Ю.Захаров,ЕДИНАЯ РОССИЯ,Комитет Государственной Думы по промышленности и торговле,
144,В.В.Зубарев,ЕДИНАЯ РОССИЯ,Комитет Государственной Думы по бюджету и налогам,
145,Г.А.Зюганов,КПРФ,"Комитет Государственной Думы по делам Содружества Независимых Государств, евразийской интеграции и связям с соотечественниками",
146,О.И.Иванинский,ЕДИНАЯ РОССИЯ,Комитет Государственной Думы по охране здоровья,
147,В.В.Иванов,ЕДИНАЯ РОССИЯ,Комитет Государственной Думы по промышленности и торговле,
148,М.А.Иванов,ЕДИНАЯ РОССИЯ,Комитет Государственной Думы по аграрным вопросам,
149,М.Е.Иванов,ЕДИНАЯ РОССИЯ,"Комитет Государственной Думы по экологии, природным ресурсам и охране окружающей среды",
150,Н.Н.Иванов,КПРФ,"Комиссия Государственной Думы Федерального Собрания Российской Федерации по вопросам контроля за достоверностью сведений о доходах, об имуществе и обязательствах имущественного характера, представляемых депутатами Государственной Думы и мандатным вопросам",
151,Б.В.Иванюженков,КПРФ,Комитет Государственной Думы по физической культуре и спорту,
152,И.В.Ивенских,ЕДИНАЯ РОССИЯ,,
153,Л.Г.Ивлев,ЕДИНАЯ РОССИЯ,Комитет Государственной Думы по контролю,
154,В.А.Игнатов,ЕДИНАЯ РОССИЯ,"Комитет Государственной Думы по вопросам собственности, земельным и имущественным отношениям",
155,И.Н.Игошин,ЕДИНАЯ РОССИЯ,Комитет Государственной Думы по защите конкуренции,
156,В.А.Ильиных,ЕДИНАЯ РОССИЯ,Комитет Государственной Думы по развитию Дальнего Востока и Арктики,
157,А.В.Ильтяков,ЕДИНАЯ РОССИЯ,"Комитет Государственной Думы по вопросам собственности, земельным и имущественным отношениям",
158,А.К.Исаев,ЕДИНАЯ РОССИЯ,"Комитет Государственной Думы по труду, социальной политике и делам ветеранов",
159,В.П.Исаков,КПРФ,Комитет Государственной Думы по молодежной политике,
160,Д.В.Исламов,ЕДИНАЯ РОССИЯ,Комитет Государственной Думы по энергетике,
161,С.В.Кабышев,СПРАВЕДЛИВАЯ РОССИЯ – ЗА ПРАВДУ,,
162,А.А.Кавинов,ЕДИНАЯ РОССИЯ,"Комитет Государственной Думы по делам Содружества Независимых Государств, евразийской интеграции и связям с соотечественниками",
163,Д.М.Каденков,ЕДИНАЯ РОССИЯ,,['Комиссия Государственной Думы Федерального Собрания Российской Федерации по Регламенту и обеспечению деятельности Государственной Думы ']
164,В.А.Казаков,ЕДИНАЯ РОССИЯ,Комитет Государственной Думы по экономической политике,
165,О.М.Казакова,ЕДИНАЯ РОССИЯ,,['Комиссия Государственной Думы Федерального Собрания Российской Федерации по вопросам депутатской этики ']
166,С.И.Казанков,КПРФ,Комитет Государственной Думы по малому и среднему предпринимательству,
167,Л.И.Калашников,КПРФ,"Комитет Государственной Думы по делам Содружества Независимых Государств, евразийской интеграции и связям с соотечественниками",
168,Р.Г.Калимуллин,ЕДИНАЯ РОССИЯ,Комитет Государственной Думы по физической культуре и спорту,
169,Г.П.Камнев,КПРФ,Комитет Государственной Думы по контролю,
170,А.В.Канаев,ЕДИНАЯ РОССИЯ,Комитет Государственной Думы по промышленности и торговле,
171,Т.Б.Каноков,СПРАВЕДЛИВАЯ РОССИЯ – ЗА ПРАВДУ,Комитет Государственной Думы по малому и среднему предпринимательству,
172,Ш.В.Кара-оол,ЕДИНАЯ РОССИЯ,,
173,С.Г.Каргинов,ЛДПР,"Комиссия Государственной Думы Федерального Собрания Российской Федерации по вопросам контроля за достоверностью сведений о доходах, об имуществе и обязательствах имущественного характера, представляемых депутатами Государственной Думы и мандатным вопросам",
174,Г.А.Карлов,ЕДИНАЯ РОССИЯ,,
175,Р.В.Кармазина,ЕДИНАЯ РОССИЯ,,['Комиссия Государственной Думы Федерального Собрания Российской Федерации по Регламенту и обеспечению деятельности Государственной Думы ']
176,А.Е.Карпов,ЕДИНАЯ РОССИЯ,,
177,А.В.Картаполов,ЕДИНАЯ РОССИЯ,,"['Комиссия Государственной Думы Федерального Собрания Российской Федерации по рассмотрению расходов федерального бюджета, направленных на обеспечение национальной обороны, национальной безопасности и правоохранительной деятельности ']"
178,И.Ю.Кастюкевич,ЕДИНАЯ РОССИЯ,Комитет Государственной Думы по молодежной политике,
179,П.Р.Качкаев,ЕДИНАЯ РОССИЯ,Комитет Государственной Думы по строительству и жилищно-коммунальному хозяйству,
180,В.И.Кашин,КПРФ,Комитет Государственной Думы по аграрным вопросам,
181,И.И.Квитка,ЕДИНАЯ РОССИЯ,,"['Комиссия Государственной Думы Федерального Собрания Российской Федерации по рассмотрению расходов федерального бюджета, направленных на обеспечение национальной обороны, национальной безопасности и правоохранительной деятельности ']"
182,В.Б.Кидяев,ЕДИНАЯ РОССИЯ,Комитет Государственной Думы по экономической политике,
183,М.В.Кизеев,ЕДИНАЯ РОССИЯ,Комитет Государственной Думы по охране здоровья,
184,А.Ю.Кирьянов,ЕДИНАЯ РОССИЯ,Комитет Государственной Думы по экономической политике,
185,М.С.Киселёв,ЕДИНАЯ РОССИЯ,Комитет Государственной Думы по молодежной политике,
186,М.Л.Кисляков,ЕДИНАЯ РОССИЯ,Комитет Государственной Думы по региональной политике и местному самоуправлению,
187,Д.Н.Кобылкин,ЕДИНАЯ РОССИЯ,"Комитет Государственной Думы по экологии, природным ресурсам и охране окружающей среды",
188,Л.И.Ковпак,ЕДИНАЯ РОССИЯ,Комитет Государственной Думы по бюджету и налогам,
189,А.Б.Коган,ЕДИНАЯ РОССИЯ,"Комитет Государственной Думы по экологии, природным ресурсам и охране окружающей среды",
190,А.Г.Когогина,ЕДИНАЯ РОССИЯ,Комитет Государственной Думы по малому и среднему предпринимательству,
191,А.Н.Козловский,ЕДИНАЯ РОССИЯ,Комитет Государственной Думы по промышленности и торговле,
192,А.И.Колесник,ЕДИНАЯ РОССИЯ,Комитет Государственной Думы по транспорту и развитию транспортной инфраструктуры,
193,О.А.Колесников,ЕДИНАЯ РОССИЯ,Комитет Государственной Думы по защите конкуренции,
194,Н.В.Коломейцев,КПРФ,"Комиссия Государственной Думы Федерального Собрания Российской Федерации по вопросам контроля за достоверностью сведений о доходах, об имуществе и обязательствах имущественного характера, представляемых депутатами Государственной Думы и мандатным вопросам",['Комиссия Государственной Думы Федерального Собрания Российской Федерации по вопросам депутатской этики ']
195,С.В.Колунов,ЕДИНАЯ РОССИЯ,Комитет Государственной Думы по строительству и жилищно-коммунальному хозяйству,
196,Б.О.Комоцкий,КПРФ,Комитет Государственной Думы по развитию Дальнего Востока и Арктики,
197,В.М.Кононов,ЕДИНАЯ РОССИЯ,,
198,А.В.Корниенко,КПРФ,"Комитет Государственной Думы по вопросам собственности, земельным и имущественным отношениям",
199,О.В.Коробова,ЕДИНАЯ РОССИЯ,"Комитет Государственной Думы по вопросам семьи, женщин и детей",
200,Н.В.Костенко,ЕДИНАЯ РОССИЯ,Комитет Государственной Думы по туризму и развитию туристической инфраструктуры,['Комиссия Государственной Думы Федерального Собрания Российской Федерации по обеспечению жилищных прав граждан ']
201,С.Н.Коткин,ЕДИНАЯ РОССИЯ,,
202,Р.И.Кочиев,КПРФ,Комитет Государственной Думы по безопасности и противодействию коррупции,
203,В.А.Кошелев,ЛДПР,Комитет Государственной Думы по строительству и жилищно-коммунальному хозяйству,['Комиссия Государственной Думы Федерального Собрания Российской Федерации по обеспечению жилищных прав граждан ']
204,Д.Б.Кравченко,ЕДИНАЯ РОССИЯ,Комитет Государственной Думы по экономической политике,
205,А.А.Красноштанов,ЕДИНАЯ РОССИЯ,Комитет Государственной Думы по бюджету и налогам,
206,А.Л.Красов,ЕДИНАЯ РОССИЯ,,"['Комиссия Государственной Думы Федерального Собрания Российской Федерации по вопросам депутатской этики ', 'Комиссия Государственной Думы Федерального Собрания Российской Федерации по рассмотрению расходов федерального бюджета, направленных на обеспечение национальной обороны, национальной безопасности и правоохранительной деятельности ']"
207,П.В.Крашенинников,ЕДИНАЯ РОССИЯ,Комитет Государственной Думы по государственному строительству и законодательству,
208,С.В.Кривоносов,ЕДИНАЯ РОССИЯ,Комитет Государственной Думы по туризму и развитию туристической инфраструктуры,
209,А.А.Кузнецов,СПРАВЕДЛИВАЯ РОССИЯ – ЗА ПРАВДУ,,['Комиссия Государственной Думы Федерального Собрания Российской Федерации по Регламенту и обеспечению деятельности Государственной Думы ']
210,Д.В.Кузнецов,СПРАВЕДЛИВАЯ РОССИЯ – ЗА ПРАВДУ,Комитет Государственной Думы по культуре,
211,Э.А.Кузнецов,ЕДИНАЯ РОССИЯ,Комитет Государственной Думы по экономической политике,
212,А.Ю.Кузнецова,ЕДИНАЯ РОССИЯ,,
213,М.В.Кузьмин,ЕДИНАЯ РОССИЯ,,
214,В.В.Кумин,КПРФ,Комитет Государственной Думы по финансовому рынку,
215,Р.Д.Курбанов,ЕДИНАЯ РОССИЯ,Комитет Государственной Думы по безопасности и противодействию коррупции,
216,А.В.Куринный,КПРФ,Комитет Государственной Думы по охране здоровья,['Комиссия Государственной Думы Федерального Собрания Российской Федерации по обеспечению жилищных прав граждан ']
217,Т.А.Кусайко,ЕДИНАЯ РОССИЯ,,
218,В.В.Кушнарев,ЕДИНАЯ РОССИЯ,Комитет Государственной Думы по строительству и жилищно-коммунальному хозяйству,
219,А.Ф.Лавриненко,ЕДИНАЯ РОССИЯ,"Комиссия Государственной Думы Федерального Собрания Российской Федерации по вопросам контроля за достоверностью сведений о доходах, об имуществе и обязательствах имущественного характера, представляемых депутатами Государственной Думы и мандатным вопросам",
220,Д.В.Ламейкин,ЕДИНАЯ РОССИЯ,Комитет Государственной Думы по контролю,['Комиссия Государственной Думы Федерального Собрания Российской Федерации по обеспечению жилищных прав граждан ']
221,Я.В.Лантратова,СПРАВЕДЛИВАЯ РОССИЯ – ЗА ПРАВДУ,,"['Комиссия Государственной Думы Федерального Собрания Российской Федерации по расследованию фактов вмешательства иностранных государств во внутренние дела России ', 'Комиссия Государственной Думы Федерального Собрания Российской Федерации по обеспечению жилищных прав граждан ']"
222,Т.П.Ларионова,ЕДИНАЯ РОССИЯ,"Комитет Государственной Думы по вопросам семьи, женщин и детей",
223,Е.В.Лебедев,ЕДИНАЯ РОССИЯ,,"['Комиссия Государственной Думы Федерального Собрания Российской Федерации по рассмотрению расходов федерального бюджета, направленных на обеспечение национальной обороны, национальной безопасности и правоохранительной деятельности ']"
224,О.А.Лебедев,КПРФ,"Комитет Государственной Думы по экологии, природным ресурсам и охране окружающей среды",
225,С.Г.Левченко,КПРФ,Комитет Государственной Думы по энергетике,
226,О.Ю.Леонов,НОВЫЕ ЛЮДИ,"Комитет Государственной Думы по развитию гражданского общества, вопросам общественных и религиозных объединений",
227,С.Д.Леонов,ЛДПР,Комитет Государственной Думы по охране здоровья,"['Комиссия Государственной Думы Федерального Собрания Российской Федерации по расследованию фактов вмешательства иностранных государств во внутренние дела России ', 'Комиссия Государственной Думы Федерального Собрания Российской Федерации по вопросам депутатской этики ']"
228,А.Ф.Лесун,ЕДИНАЯ РОССИЯ,Комитет Государственной Думы по транспорту и развитию транспортной инфраструктуры,
229,Р.А.Лечхаджиев,ЕДИНАЯ РОССИЯ,Комитет Государственной Думы по транспорту и развитию транспортной инфраструктуры,
230,А.И.Лисицын,СПРАВЕДЛИВАЯ РОССИЯ – ЗА ПРАВДУ,"Комиссия Государственной Думы Федерального Собрания Российской Федерации по вопросам контроля за достоверностью сведений о доходах, об имуществе и обязательствах имущественного характера, представляемых депутатами Государственной Думы и мандатным вопросам",['Комиссия Государственной Думы Федерального Собрания Российской Федерации по обеспечению жилищных прав граждан ']
231,С.Ф.Лисовский,ЕДИНАЯ РОССИЯ,Комитет Государственной Думы по аграрным вопросам,
232,В.В.Лихачев,ЕДИНАЯ РОССИЯ,"Комитет Государственной Думы по экологии, природным ресурсам и охране окружающей среды",
233,Т.Г.Лобач,ЕДИНАЯ РОССИЯ,Комитет Государственной Думы по туризму и развитию туристической инфраструктуры,
234,В.Ю.Логинов,ЕДИНАЯ РОССИЯ,Комитет Государственной Думы по развитию Дальнего Востока и Арктики,
235,И.И.Лоор,ЕДИНАЯ РОССИЯ,Комитет Государственной Думы по аграрным вопросам,
236,Д.Н.Лоцманов,ЕДИНАЯ РОССИЯ,Комитет Государственной Думы по аграрным вопросам,
237,А.К.Луговой,ЛДПР,Комитет Государственной Думы по безопасности и противодействию коррупции,"['Комиссия Государственной Думы Федерального Собрания Российской Федерации по расследованию фактов вмешательства иностранных государств во внутренние дела России ', 'Комиссия Государственной Думы Федерального Собрания Российской Федерации по рассмотрению расходов федерального бюджета, направленных на обеспечение национальной обороны, национальной безопасности и правоохранительной деятельности ']"
238,Р.В.Любарский,ЕДИНАЯ РОССИЯ,Комитет Государственной Думы по региональной политике и местному самоуправлению,['Комиссия Государственной Думы Федерального Собрания Российской Федерации по обеспечению жилищных прав граждан ']
239,Р.М.Лябихов,КПРФ,Комитет Государственной Думы по строительству и жилищно-коммунальному хозяйству,['Комиссия Государственной Думы Федерального Собрания Российской Федерации по обеспечению жилищных прав граждан ']
240,А.Г.Мажуга,ЕДИНАЯ РОССИЯ,,
241,Д.В.Майданов,ЕДИНАЯ РОССИЯ,Комитет Государственной Думы по культуре,
242,А.М.Макаров,ЕДИНАЯ РОССИЯ,Комитет Государственной Думы по бюджету и налогам,"['Комиссия Государственной Думы Федерального Собрания Российской Федерации по рассмотрению расходов федерального бюджета, направленных на обеспечение национальной обороны, национальной безопасности и правоохранительной деятельности ']"
243,В.С.Макаров,ЕДИНАЯ РОССИЯ,Комитет Государственной Думы по финансовому рынку,
244,З.Г.Макиев,ЕДИНАЯ РОССИЯ,Комитет Государственной Думы по малому и среднему предпринимательству,
245,А.А.Максимов,ЕДИНАЯ РОССИЯ,Комитет Государственной Думы по промышленности и торговле,
246,Р.М.Марданшин,ЕДИНАЯ РОССИЯ,Комитет Государственной Думы по транспорту и развитию транспортной инфраструктуры,
247,А.П.Марков,ЕДИНАЯ РОССИЯ,Комитет Государственной Думы по туризму и развитию туристической инфраструктуры,
248,Е.В.Марков,ЛДПР,"Комитет Государственной Думы по экологии, природным ресурсам и охране окружающей среды",
249,В.М.Мархаев,КПРФ,Комитет Государственной Думы по государственному строительству и законодательству,
250,Е.Е.Марченко,"Депутаты, не входящие во фракции",Комитет Государственной Думы по безопасности и противодействию коррупции,
251,М.Н.Матвеев,КПРФ,Комитет Государственной Думы по региональной политике и местному самоуправлению,
252,О.А.Матвейчев,ЕДИНАЯ РОССИЯ,"Комитет Государственной Думы по информационной политике, информационным технологиям и связи",['Комиссия Государственной Думы Федерального Собрания Российской Федерации по расследованию фактов вмешательства иностранных государств во внутренние дела России ']
253,И.И.Мельников,КПРФ,,
254,А.П.Метелев,ЕДИНАЯ РОССИЯ,Комитет Государственной Думы по молодежной политике,
255,А.Р.Метшин,ЕДИНАЯ РОССИЯ,Комитет Государственной Думы по защите конкуренции,['Комиссия Государственной Думы Федерального Собрания Российской Федерации по обеспечению жилищных прав граждан ']
256,В.В.Милонов,ЕДИНАЯ РОССИЯ,"Комитет Государственной Думы по вопросам семьи, женщин и детей",
257,С.М.Миронов,СПРАВЕДЛИВАЯ РОССИЯ – ЗА ПРАВДУ,,
258,О.А.Михайлов,КПРФ,"Комитет Государственной Думы по экологии, природным ресурсам и охране окружающей среды",
259,О.В.Морозов,ЕДИНАЯ РОССИЯ,Комитет Государственной Думы по контролю,
260,С.И.Морозов,ЕДИНАЯ РОССИЯ,Комитет Государственной Думы по региональной политике и местному самоуправлению,
261,Е.С.Москвичев,ЕДИНАЯ РОССИЯ,Комитет Государственной Думы по транспорту и развитию транспортной инфраструктуры,
262,И.М.Мусатов,ЛДПР,Комитет Государственной Думы по культуре,
263,З.А.Муцоев,ЕДИНАЯ РОССИЯ,,
264,Н.В.Назарова,ЕДИНАЯ РОССИЯ,Комитет Государственной Думы по энергетике,
265,Ю.А.Напсо,ЛДПР,Комитет Государственной Думы по государственному строительству и законодательству,
266,С.А.Наумов,ЛДПР,Комитет Государственной Думы по экономической политике,
267,С.И.Неверов,ЕДИНАЯ РОССИЯ,,
268,А.И.Немкин,ЕДИНАЯ РОССИЯ,"Комитет Государственной Думы по информационной политике, информационным технологиям и связи",
269,А.Г.Нечаев,НОВЫЕ ЛЮДИ,,
270,Н.П.Николаев,ЕДИНАЯ РОССИЯ,"Комитет Государственной Думы по вопросам собственности, земельным и имущественным отношениям",
271,В.В.Николаева,ЕДИНАЯ РОССИЯ,Комитет Государственной Думы по безопасности и противодействию коррупции,"['Комиссия Государственной Думы Федерального Собрания Российской Федерации по рассмотрению расходов федерального бюджета, направленных на обеспечение национальной обороны, национальной безопасности и правоохранительной деятельности ']"
272,В.А.Никонов,ЕДИНАЯ РОССИЯ,,
273,О.А.Нилов,СПРАВЕДЛИВАЯ РОССИЯ – ЗА ПРАВДУ,"Комиссия Государственной Думы Федерального Собрания Российской Федерации по вопросам контроля за достоверностью сведений о доходах, об имуществе и обязательствах имущественного характера, представляемых депутатами Государственной Думы и мандатным вопросам",
274,Я.Е.Нилов,ЛДПР,"Комитет Государственной Думы по труду, социальной политике и делам ветеранов",['Комиссия Государственной Думы Федерального Собрания Российской Федерации по вопросам депутатской этики ']
275,Е.О.Нифантьев,ЕДИНАЯ РОССИЯ,Комитет Государственной Думы по промышленности и торговле,
276,В.М.Новиков,ЕДИНАЯ РОССИЯ,Комитет Государственной Думы по развитию Дальнего Востока и Арктики,
277,Д.Г.Новиков,КПРФ,,
278,Н.В.Новичков,СПРАВЕДЛИВАЯ РОССИЯ – ЗА ПРАВДУ,Комитет Государственной Думы по развитию Дальнего Востока и Арктики,
279,Н.М.Нурбагандов,ЕДИНАЯ РОССИЯ,,
280,М.А.Нуриев,ЕДИНАЯ РОССИЯ,Комитет Государственной Думы по строительству и жилищно-коммунальному хозяйству,['Комиссия Государственной Думы Федерального Собрания Российской Федерации по обеспечению жилищных прав граждан ']
281,С.П.Обухов,КПРФ,"Комитет Государственной Думы по развитию гражданского общества, вопросам общественных и религиозных объединений",
282,Ю.В.Оглоблина,ЕДИНАЯ РОССИЯ,Комитет Государственной Думы по аграрным вопросам,
283,Л.А.Огуль,ЕДИНАЯ РОССИЯ,Комитет Государственной Думы по охране здоровья,
284,М.Э.Оргеева,ЕДИНАЯ РОССИЯ,"Комитет Государственной Думы по труду, социальной политике и делам ветеранов",
285,Н.А.Орлова,ЕДИНАЯ РОССИЯ,Комитет Государственной Думы по бюджету и налогам,
286,Н.И.Осадчий,КПРФ,Комитет Государственной Думы по охране здоровья,
287,Н.А.Останина,КПРФ,"Комитет Государственной Думы по вопросам семьи, женщин и детей",
288,В.В.Павлов,ЕДИНАЯ РОССИЯ,Комитет Государственной Думы по промышленности и торговле,
289,Б.Р.Пайкин,ЛДПР,Комитет Государственной Думы по физической культуре и спорту,
290,К.М.Панеш,ЛДПР,Комитет Государственной Думы по бюджету и налогам,"['Комиссия Государственной Думы Федерального Собрания Российской Федерации по рассмотрению расходов федерального бюджета, направленных на обеспечение национальной обороны, национальной безопасности и правоохранительной деятельности ']"
291,Г.О.Панин,ЕДИНАЯ РОССИЯ,Комитет Государственной Думы по региональной политике и местному самоуправлению,
292,Н.В.Панков,ЕДИНАЯ РОССИЯ,Комитет Государственной Думы по аграрным вопросам,
293,С.М.Пантелеев,КПРФ,Комитет Государственной Думы по промышленности и торговле,
294,И.А.Панькина,ЕДИНАЯ РОССИЯ,Комитет Государственной Думы по государственному строительству и законодательству,
295,Д.А.Парфенов,КПРФ,Комитет Государственной Думы по бюджету и налогам,
296,С.А.Пахомов,ЕДИНАЯ РОССИЯ,Комитет Государственной Думы по строительству и жилищно-коммунальному хозяйству,
297,Д.А.Певцов,НОВЫЕ ЛЮДИ,Комитет Государственной Думы по культуре,
298,Е.А.Первышов,ЕДИНАЯ РОССИЯ,Комитет Государственной Думы по строительству и жилищно-коммунальному хозяйству,['Комиссия Государственной Думы Федерального Собрания Российской Федерации по обеспечению жилищных прав граждан ']
299,А.П.Петров,ЕДИНАЯ РОССИЯ,Комитет Государственной Думы по охране здоровья,
300,В.А.Петров,ЕДИНАЯ РОССИЯ,Комитет Государственной Думы по региональной политике и местному самоуправлению,
301,С.В.Петров,ЕДИНАЯ РОССИЯ,"Комитет Государственной Думы по развитию гражданского общества, вопросам общественных и религиозных объединений",
302,Ю.А.Петров,ЕДИНАЯ РОССИЯ,Комитет Государственной Думы по государственному строительству и законодательству,
303,Н.Ю.Петрунин,ЕДИНАЯ РОССИЯ,Комитет Государственной Думы по энергетике,
304,В.Н.Пивненко,ЕДИНАЯ РОССИЯ,Комитет Государственной Думы по развитию Дальнего Востока и Арктики,
305,О.В.Пилипенко,ЕДИНАЯ РОССИЯ,,
306,В.В.Пинский,ЕДИНАЯ РОССИЯ,,['Комиссия Государственной Думы Федерального Собрания Российской Федерации по Регламенту и обеспечению деятельности Государственной Думы ']
307,Д.Ю.Пирог,ЕДИНАЯ РОССИЯ,Комитет Государственной Думы по физической культуре и спорту,
308,В.И.Пискарев,ЕДИНАЯ РОССИЯ,Комитет Государственной Думы по безопасности и противодействию коррупции,"['Комиссия Государственной Думы Федерального Собрания Российской Федерации по расследованию фактов вмешательства иностранных государств во внутренние дела России ', 'Комиссия Государственной Думы Федерального Собрания Российской Федерации по вопросам депутатской этики ', 'Комиссия Государственной Думы Федерального Собрания Российской Федерации по рассмотрению расходов федерального бюджета, направленных на обеспечение национальной обороны, национальной безопасности и правоохранительной деятельности ']"
309,В.Н.Плотников,ЕДИНАЯ РОССИЯ,Комитет Государственной Думы по аграрным вопросам,
310,В.В.Плякин,НОВЫЕ ЛЮДИ,Комитет Государственной Думы по промышленности и торговле,
311,Д.В.Погорелый,ЕДИНАЯ РОССИЯ,Комитет Государственной Думы по развитию Дальнего Востока и Арктики,
312,Н.В.Полуянова,ЕДИНАЯ РОССИЯ,Комитет Государственной Думы по малому и среднему предпринимательству,
313,А.А.Поляков,ЕДИНАЯ РОССИЯ,Комитет Государственной Думы по аграрным вопросам,
314,А.В.Полякова,ЕДИНАЯ РОССИЯ,Комитет Государственной Думы по контролю,
315,А.Н.Пономарев,ЕДИНАЯ РОССИЯ,"Комитет Государственной Думы по экологии, природным ресурсам и охране окружающей среды",
316,Е.Г.Попов,ЕДИНАЯ РОССИЯ,"Комитет Государственной Думы по информационной политике, информационным технологиям и связи",
317,А.С.Прокопьев,ЕДИНАЯ РОССИЯ,Комитет Государственной Думы по туризму и развитию туристической инфраструктуры,
318,А.В.Прокофьев,КПРФ,Комитет Государственной Думы по туризму и развитию туристической инфраструктуры,
319,М.Н.Прусакова,КПРФ,Комитет Государственной Думы по аграрным вопросам,
320,Р.В.Птицын,ЕДИНАЯ РОССИЯ,Комитет Государственной Думы по региональной политике и местному самоуправлению,
321,С.В.Разворотнева,ЕДИНАЯ РОССИЯ,Комитет Государственной Думы по строительству и жилищно-коммунальному хозяйству,['Комиссия Государственной Думы Федерального Собрания Российской Федерации по обеспечению жилищных прав граждан ']
322,В.Ф.Рашкин,КПРФ,Комитет Государственной Думы по делам национальностей,
323,Е.В.Ревенко,ЕДИНАЯ РОССИЯ,Комитет Государственной Думы по физической культуре и спорту,"['Комиссия Государственной Думы Федерального Собрания Российской Федерации по расследованию фактов вмешательства иностранных государств во внутренние дела России ', 'Комиссия Государственной Думы Федерального Собрания Российской Федерации по вопросам депутатской этики ']"
324,В.М.Резник,ЕДИНАЯ РОССИЯ,Комитет Государственной Думы по бюджету и налогам,
325,А.А.Ремезков,СПРАВЕДЛИВАЯ РОССИЯ – ЗА ПРАВДУ,Комитет Государственной Думы по бюджету и налогам,"['Комиссия Государственной Думы Федерального Собрания Российской Федерации по рассмотрению расходов федерального бюджета, направленных на обеспечение национальной обороны, национальной безопасности и правоохранительной деятельности ']"
326,В.И.Ресин,ЕДИНАЯ РОССИЯ,Комитет Государственной Думы по строительству и жилищно-коммунальному хозяйству,
327,В.С.Родина,ЕДИНАЯ РОССИЯ,"Комитет Государственной Думы по труду, социальной политике и делам ветеранов",
328,И.К.Роднина,ЕДИНАЯ РОССИЯ,,['Комиссия Государственной Думы Федерального Собрания Российской Федерации по вопросам депутатской этики ']
329,Р.Ю.Романенко,ЕДИНАЯ РОССИЯ,Комитет Государственной Думы по транспорту и развитию транспортной инфраструктуры,
330,М.В.Романов,ЕДИНАЯ РОССИЯ,Комитет Государственной Думы по контролю,
331,И.Н.Руденский,ЕДИНАЯ РОССИЯ,Комитет Государственной Думы по аграрным вопросам,
332,А.Г.Румянцев,ЕДИНАЯ РОССИЯ,Комитет Государственной Думы по охране здоровья,
333,Н.Г.Румянцев,ЕДИНАЯ РОССИЯ,Комитет Государственной Думы по контролю,
334,Ж.А.Рябцева,ЕДИНАЯ РОССИЯ,"Комитет Государственной Думы по экологии, природным ресурсам и охране окружающей среды",
335,Д.В.Саблин,ЕДИНАЯ РОССИЯ,,
336,Д.И.Савельев,ЕДИНАЯ РОССИЯ,Комитет Государственной Думы по безопасности и противодействию коррупции,"['Комиссия Государственной Думы Федерального Собрания Российской Федерации по расследованию фактов вмешательства иностранных государств во внутренние дела России ', 'Комиссия Государственной Думы Федерального Собрания Российской Федерации по рассмотрению расходов федерального бюджета, направленных на обеспечение национальной обороны, национальной безопасности и правоохранительной деятельности ']"
337,С.Е.Савицкая,КПРФ,,"['Комиссия Государственной Думы Федерального Собрания Российской Федерации по рассмотрению расходов федерального бюджета, направленных на обеспечение национальной обороны, национальной безопасности и правоохранительной деятельности ']"
338,О.В.Савченко,ЕДИНАЯ РОССИЯ,Комитет Государственной Думы по финансовому рынку,
339,А.Л.Салаева,ЕДИНАЯ РОССИЯ,Комитет Государственной Думы по туризму и развитию туристической инфраструктуры,
340,В.И.Самокиш,ЕДИНАЯ РОССИЯ,"Комитет Государственной Думы по вопросам собственности, земельным и имущественным отношениям",
341,А.М.Самокутяев,ЕДИНАЯ РОССИЯ,"Комиссия Государственной Думы Федерального Собрания Российской Федерации по вопросам контроля за достоверностью сведений о доходах, об имуществе и обязательствах имущественного характера, представляемых депутатами Государственной Думы и мандатным вопросам",
342,Ш.Ю.Саралиев,ЕДИНАЯ РОССИЯ,"Комиссия Государственной Думы Федерального Собрания Российской Федерации по вопросам контроля за достоверностью сведений о доходах, об имуществе и обязательствах имущественного характера, представляемых депутатами Государственной Думы и мандатным вопросам",
343,Ю.В.Саранова,ЕДИНАЯ РОССИЯ,Комитет Государственной Думы по молодежной политике,
344,А.Н.Сарыглар,ЕДИНАЯ РОССИЯ,Комитет Государственной Думы по бюджету и налогам,
345,А.Н.Свистунов,ЛДПР,Комитет Государственной Думы по финансовому рынку,
346,Д.А.Свищев,ЛДПР,Комитет Государственной Думы по физической культуре и спорту,
347,В.С.Селезнев,ЛДПР,Комитет Государственной Думы по энергетике,
348,В.В.Селиверстов,ЕДИНАЯ РОССИЯ,Комитет Государственной Думы по бюджету и налогам,
349,Г.Ю.Семигин,СПРАВЕДЛИВАЯ РОССИЯ – ЗА ПРАВДУ,Комитет Государственной Думы по делам национальностей,
350,В.Б.Сенин,ЕДИНАЯ РОССИЯ,Комитет Государственной Думы по финансовому рынку,
351,Л.Я.Симановский,ЕДИНАЯ РОССИЯ,Комитет Государственной Думы по бюджету и налогам,
352,П.В.Симигин,ЕДИНАЯ РОССИЯ,Комитет Государственной Думы по развитию Дальнего Востока и Арктики,
353,Ю.П.Синельщиков,КПРФ,"Комиссия Государственной Думы Федерального Собрания Российской Федерации по вопросам контроля за достоверностью сведений о доходах, об имуществе и обязательствах имущественного характера, представляемых депутатами Государственной Думы и мандатным вопросам",['Комиссия Государственной Думы Федерального Собрания Российской Федерации по расследованию фактов вмешательства иностранных государств во внутренние дела России ']
354,В.В.Сипягин,ЛДПР,,
355,А.В.Ситников,ЕДИНАЯ РОССИЯ,Комитет Государственной Думы по защите конкуренции,
356,А.А.Скачков,ЕДИНАЯ РОССИЯ,"Комитет Государственной Думы по экологии, природным ресурсам и охране окружающей среды",
357,Г.И.Скляр,ЕДИНАЯ РОССИЯ,Комитет Государственной Думы по промышленности и торговле,
358,А.В.Скоч,ЕДИНАЯ РОССИЯ,Комитет Государственной Думы по контролю,
359,Д.С.Скриванов,ЕДИНАЯ РОССИЯ,Комитет Государственной Думы по контролю,
360,В.С.Скруг,ЕДИНАЯ РОССИЯ,Комитет Государственной Думы по бюджету и налогам,
361,Л.Э.Слуцкий,ЛДПР,,
362,В.В.Смирнов,ЕДИНАЯ РОССИЯ,,
363,О.Н.Смолин,КПРФ,,['Комиссия Государственной Думы Федерального Собрания Российской Федерации по вопросам депутатской этики ']
364,В.И.Соболев,КПРФ,,
365,С.М.Сокол,ЕДИНАЯ РОССИЯ,Комитет Государственной Думы по экономической политике,
366,С.А.Соловьев,ЕДИНАЯ РОССИЯ,Комитет Государственной Думы по культуре,
367,И.А.Солодовников,ЕДИНАЯ РОССИЯ,Комитет Государственной Думы по транспорту и развитию транспортной инфраструктуры,
368,Т.В.Соломатина,ЕДИНАЯ РОССИЯ,Комитет Государственной Думы по охране здоровья,
369,А.Ю.Спиридонов,ЕДИНАЯ РОССИЯ,Комитет Государственной Думы по промышленности и торговле,
370,Ю.А.Станкевич,ЕДИНАЯ РОССИЯ,Комитет Государственной Думы по энергетике,
371,М.Е.Старшинов,ЕДИНАЯ РОССИЯ,Комитет Государственной Думы по безопасности и противодействию коррупции,
372,Е.П.Стенякина,ЕДИНАЯ РОССИЯ,"Комитет Государственной Думы по труду, социальной политике и делам ветеранов",
373,А.М.Стрелюхин,ЕДИНАЯ РОССИЯ,Комитет Государственной Думы по строительству и жилищно-коммунальному хозяйству,
374,Р.И.Сулейманов,КПРФ,Комитет Государственной Думы по аграрным вопросам,
375,И.К.Сухарев,ЛДПР,"Комиссия Государственной Думы Федерального Собрания Российской Федерации по вопросам контроля за достоверностью сведений о доходах, об имуществе и обязательствах имущественного характера, представляемых депутатами Государственной Думы и мандатным вопросам",
376,А.Б.Таймазов,ЕДИНАЯ РОССИЯ,"Комитет Государственной Думы по экологии, природным ресурсам и охране окружающей среды",
377,К.К.Тайсаев,КПРФ,"Комитет Государственной Думы по делам Содружества Независимых Государств, евразийской интеграции и связям с соотечественниками",
378,М.В.Тарасенко,ЕДИНАЯ РОССИЯ,"Комиссия Государственной Думы Федерального Собрания Российской Федерации по вопросам контроля за достоверностью сведений о доходах, об имуществе и обязательствах имущественного характера, представляемых депутатами Государственной Думы и мандатным вопросам",
379,С.А.Тарбаев,НОВЫЕ ЛЮДИ,"Комиссия Государственной Думы Федерального Собрания Российской Федерации по вопросам контроля за достоверностью сведений о доходах, об имуществе и обязательствах имущественного характера, представляемых депутатами Государственной Думы и мандатным вопросам",
380,М.Б.Татриев,ЕДИНАЯ РОССИЯ,Комитет Государственной Думы по энергетике,
381,С.Ю.Тен,ЕДИНАЯ РОССИЯ,"Комитет Государственной Думы по вопросам собственности, земельным и имущественным отношениям",
382,А.В.Терентьев,СПРАВЕДЛИВАЯ РОССИЯ – ЗА ПРАВДУ,Комитет Государственной Думы по промышленности и торговле,
383,М.Б.Терентьев,ЕДИНАЯ РОССИЯ,"Комиссия Государственной Думы Федерального Собрания Российской Федерации по вопросам контроля за достоверностью сведений о доходах, об имуществе и обязательствах имущественного характера, представляемых депутатами Государственной Думы и мандатным вопросам",['Комиссия Государственной Думы Федерального Собрания Российской Федерации по вопросам депутатской этики ']
384,В.В.Терешкова,ЕДИНАЯ РОССИЯ,,['Комиссия Государственной Думы Федерального Собрания Российской Федерации по вопросам депутатской этики ']
385,Р.И.Терюшков,ЕДИНАЯ РОССИЯ,Комитет Государственной Думы по физической культуре и спорту,
386,А.П.Тетердинко,ЕДИНАЯ РОССИЯ,Комитет Государственной Думы по государственному строительству и законодательству,
387,О.В.Тимофеева,ЕДИНАЯ РОССИЯ,"Комитет Государственной Думы по развитию гражданского общества, вопросам общественных и религиозных объединений",
388,А.Н.Ткачев,ЕДИНАЯ РОССИЯ,"Комитет Государственной Думы по вопросам собственности, земельным и имущественным отношениям",
389,А.О.Ткачёв,НОВЫЕ ЛЮДИ,"Комитет Государственной Думы по информационной политике, информационным технологиям и связи",['Комиссия Государственной Думы Федерального Собрания Российской Федерации по расследованию фактов вмешательства иностранных государств во внутренние дела России ']
390,А.Р.Толмачёв,ЕДИНАЯ РОССИЯ,Комитет Государственной Думы по транспорту и развитию транспортной инфраструктуры,
391,П.О.Толстой,ЕДИНАЯ РОССИЯ,,
392,М.А.Топилин,ЕДИНАЯ РОССИЯ,Комитет Государственной Думы по экономической политике,
393,В.А.Третьяк,ЕДИНАЯ РОССИЯ,Комитет Государственной Думы по физической культуре и спорту,
394,А.Ф.Трифонов,ЕДИНАЯ РОССИЯ,Комитет Государственной Думы по промышленности и торговле,
395,Ф.С.Тумусов,СПРАВЕДЛИВАЯ РОССИЯ – ЗА ПРАВДУ,Комитет Государственной Думы по охране здоровья,
396,А.В.Туров,ЕДИНАЯ РОССИЯ,"Комитет Государственной Думы по делам Содружества Независимых Государств, евразийской интеграции и связям с соотечественниками",
397,Л.Н.Тутова,ЕДИНАЯ РОССИЯ,,
398,Д.Б.Узденов,ЕДИНАЯ РОССИЯ,"Комитет Государственной Думы по экологии, природным ресурсам и охране окружающей среды",
399,С.Д.Умаханов,ЕДИНАЯ РОССИЯ,,
400,Р.А.Утяшева,ЕДИНАЯ РОССИЯ,Комитет Государственной Думы по охране здоровья,
401,О.Н.Фадина,ЕДИНАЯ РОССИЯ,Комитет Государственной Думы по региональной политике и местному самоуправлению,['Комиссия Государственной Думы Федерального Собрания Российской Федерации по обеспечению жилищных прав граждан ']
402,А.З.Фаррахов,ЕДИНАЯ РОССИЯ,Комитет Государственной Думы по бюджету и налогам,
403,Е.А.Федоров,ЕДИНАЯ РОССИЯ,Комитет Государственной Думы по бюджету и налогам,
404,П.М.Федяев,ЕДИНАЯ РОССИЯ,Комитет Государственной Думы по транспорту и развитию транспортной инфраструктуры,
405,В.А.Фетисов,ЕДИНАЯ РОССИЯ,"Комитет Государственной Думы по экологии, природным ресурсам и охране окружающей среды",
406,И.А.Филатова,КПРФ,Комитет Государственной Думы по защите конкуренции,
407,В.В.Фомичев,ЕДИНАЯ РОССИЯ,Комитет Государственной Думы по бюджету и налогам,
408,Т.И.Фролова,ЕДИНАЯ РОССИЯ,Комитет Государственной Думы по охране здоровья,
409,Б.С.Хамзаев,ЕДИНАЯ РОССИЯ,Комитет Государственной Думы по безопасности и противодействию коррупции,
410,А.М.Хамитов,НОВЫЕ ЛЮДИ,Комитет Государственной Думы по физической культуре и спорту,
411,Н.М.Харитонов,КПРФ,Комитет Государственной Думы по развитию Дальнего Востока и Арктики,
412,Е.В.Харченко,ЕДИНАЯ РОССИЯ,,
413,М.Р.Хасанов,ЕДИНАЯ РОССИЯ,Комитет Государственной Думы по бюджету и налогам,
414,А.Е.Хинштейн,ЕДИНАЯ РОССИЯ,"Комитет Государственной Думы по информационной политике, информационным технологиям и связи",
415,Г.П.Хованская,СПРАВЕДЛИВАЯ РОССИЯ – ЗА ПРАВДУ,Комитет Государственной Думы по государственному строительству и законодательству,['Комиссия Государственной Думы Федерального Собрания Российской Федерации по обеспечению жилищных прав граждан ']
416,Г.Я.Хор,ЕДИНАЯ РОССИЯ,Комитет Государственной Думы по бюджету и налогам,"['Комиссия Государственной Думы Федерального Собрания Российской Федерации по рассмотрению расходов федерального бюджета, направленных на обеспечение национальной обороны, национальной безопасности и правоохранительной деятельности ']"
417,Д.А.Хубезов,ЕДИНАЯ РОССИЯ,Комитет Государственной Думы по охране здоровья,
418,Н.Г.Цед,ЕДИНАЯ РОССИЯ,Комитет Государственной Думы по финансовому рынку,
419,Е.М.Цунаева,ЕДИНАЯ РОССИЯ,"Комитет Государственной Думы по труду, социальной политике и делам ветеранов",
420,Н.Ю.Чаплин,ЕДИНАЯ РОССИЯ,Комитет Государственной Думы по бюджету и налогам,
421,Р.Б.Чемерис,НОВЫЕ ЛЮДИ,,['Комиссия Государственной Думы Федерального Собрания Российской Федерации по расследованию фактов вмешательства иностранных государств во внутренние дела России ']
422,А.В.Чепа,СПРАВЕДЛИВАЯ РОССИЯ – ЗА ПРАВДУ,,
423,С.В.Чепиков,ЕДИНАЯ РОССИЯ,Комитет Государственной Думы по государственному строительству и законодательству,
424,Б.А.Чернышов,ЛДПР,,
425,А.Ю.Черняк,ЕДИНАЯ РОССИЯ,Комитет Государственной Думы по туризму и развитию туристической инфраструктуры,
426,С.В.Чижов,ЕДИНАЯ РОССИЯ,Комитет Государственной Думы по бюджету и налогам,
427,А.Н.Чилингаров,ЕДИНАЯ РОССИЯ,,['Комиссия Государственной Думы Федерального Собрания Российской Федерации по вопросам депутатской этики ']
428,Р.Г.Шайхутдинов,ЛДПР,Комитет Государственной Думы по транспорту и развитию транспортной инфраструктуры,
429,В.А.Шаманов,ЕДИНАЯ РОССИЯ,"Комитет Государственной Думы по развитию гражданского общества, вопросам общественных и религиозных объединений",
430,С.А.Шаргунов,КПРФ,Комитет Государственной Думы по культуре,['Комиссия Государственной Думы Федерального Собрания Российской Федерации по вопросам депутатской этики ']
431,Ю.Н.Швыткин,ЕДИНАЯ РОССИЯ,,
432,М.С.Шеремет,ЕДИНАЯ РОССИЯ,Комитет Государственной Думы по безопасности и противодействию коррупции,
433,Г.В.Шилкин,НОВЫЕ ЛЮДИ,Комитет Государственной Думы по энергетике,['Комиссия Государственной Думы Федерального Собрания Российской Федерации по обеспечению жилищных прав граждан ']
434,А.В.Шипулин,ЕДИНАЯ РОССИЯ,Комитет Государственной Думы по физической культуре и спорту,
435,Н.В.Школкина,ЕДИНАЯ РОССИЯ,Комитет Государственной Думы по аграрным вопросам,
436,А.М.Шолохов,ЕДИНАЯ РОССИЯ,Комитет Государственной Думы по культуре,
437,И.Н.Шубин,ЕДИНАЯ РОССИЯ,Комитет Государственной Думы по бюджету и налогам,
438,В.Н.Шувалов,ЕДИНАЯ РОССИЯ,"Комитет Государственной Думы по экологии, природным ресурсам и охране окружающей среды",
439,А.Л.Шхагошев,ЕДИНАЯ РОССИЯ,Комитет Государственной Думы по безопасности и противодействию коррупции,['Комиссия Государственной Думы Федерального Собрания Российской Федерации по расследованию фактов вмешательства иностранных государств во внутренние дела России ']
440,М.В.Щапов,КПРФ,Комитет Государственной Думы по бюджету и налогам,"['Комиссия Государственной Думы Федерального Собрания Российской Федерации по рассмотрению расходов федерального бюджета, направленных на обеспечение национальной обороны, национальной безопасности и правоохранительной деятельности ']"
441,Н.М.Щеглов,ЕДИНАЯ РОССИЯ,Комитет Государственной Думы по охране здоровья,
442,А.В.Щербаков,ЕДИНАЯ РОССИЯ,Комитет Государственной Думы по транспорту и развитию транспортной инфраструктуры,
443,А.А.Ющенко,КПРФ,"Комитет Государственной Думы по информационной политике, информационным технологиям и связи",['Комиссия Государственной Думы Федерального Собрания Российской Федерации по расследованию фактов вмешательства иностранных государств во внутренние дела России ']
444,А.Ф.Ягафаров,ЕДИНАЯ РОССИЯ,"Комитет Государственной Думы по экологии, природным ресурсам и охране окружающей среды",
445,А.В.Якубовский,ЕДИНАЯ РОССИЯ,Комитет Государственной Думы по строительству и жилищно-коммунальному хозяйству,['Комиссия Государственной Думы Федерального Собрания Российской Федерации по обеспечению жилищных прав граждан ']
446,Е.А.Ямпольская,ЕДИНАЯ РОССИЯ,Комитет Государственной Думы по культуре,
447,И.А.Яровая,ЕДИНАЯ РОССИЯ,,
448,С.В.Яхнюк,ЕДИНАЯ РОССИЯ,Комитет Государственной Думы по аграрным вопросам,
